182b856e4e32233be9ac5b72b6253228e65777c3|1771343038|cortex-umg|closed_dead_running_resolved
8cb71b3d9032fb8cd28b0e66620925610682cfd1|1771344298|cortex-k12|closed_dead_running_resolved
1cef1a55014576bccea03198298f3b1fe1c066eb|1771344299|cortex-5mz|escalating_to_codex
4cd6aa7d36ee06e2b2df18fb212e307be0092c3a|1771344796|cortex-298|escalating_to_codex
98dd6bede681e6413921479e5c6263d10f2a02ed|1771344796|cortex-cne|escalating_to_codex
4a48b7816ec962322fab16484d7a20c1285aa18e|1771344796|cortex-3zi|escalating_to_codex
366efa77252c2daf35a3c511eff99cbc5e5d609d|1771344797|cortex-o3u|escalating_to_codex
00f36eb10dbf5ce2dec21054ca75b8c63da5f0b3|1771344797|cortex-5qx|escalating_to_codex
7f1204568a7632780cf175bee636bd82a64d7b0a|1771345401|cortex-u37|escalating_to_codex
22243803d327caf4961fc323ba1ddfd2f9ba9eef|1771345829|cortex-kg9|escalating_to_codex
cbe126c04e72727297622c1dfdaf67d182bc86ae|1771346132|cortex-ztu|escalating_to_codex
cddaeb890a4d84f6e12d1b17ec3275e2e9ccd991|1771346895|cortex-mlq|closed_repeated_failure_cleared
0978ff16d870c7023b90a0c520fdba5e7c9fbcd2|1771346895|cortex-otx|escalating_to_codex
9c27ae788688deff3b017320b3f41a2467481087|1771346896|cortex-7fp|escalating_to_codex
599d677f5a85a6b86940a891d2f9a1762f511868|1771351137|cortex-dxj|escalating_to_codex
0547fe9a30466de0d8cfac81817dc1e8187e5aa5|1771352130|cortex-cm5|escalating_to_codex
05a3f6ceb45866cc71e9ee208e5b0fa693dd1c14|1771352876|cortex-32o|escalating_to_codex
f31873c09b061a1876ac7a0b911eb157dca4eff6|1771355149|cortex-oa5|closed_repeated_failure_cleared
ce14328838beb313aed84fec15e19a75095a7219|1771356061|cortex-otx|escalating_to_codex
f95722baef156748791c1de8ee137a06b4612ff5|1771356780|cortex-7fp|escalating_to_codex
281bce6db2b3fb341e4f9fd8302e44ff402d87e7|1771357114|cortex-7fp|escalating_to_codex
71d866f99419a86e603433545cfdecefb4a4b6c7|1771358051|cortex-20s|closed_repeated_failure_cleared
8d992fd7eb536416189f52f6309ee6dd7d58b8fc|1771358959|cortex-d69|escalating_to_codex
8228761085d8d5c1086113131a9fecd9d2967c30|1771367032|cortex-ear|escalating_to_codex
dcb6639b0739a26df1df13887f0e2f1a28e3e024|1771367969|cortex-8bc|escalating_to_codex
ba47268f0a1019343ea7c58354a45ec769e46987|1771368382|cortex-dby|closed_dead_running_resolved
672b5ae2da8457b14d45957976351432707b38c5|1771369285|cortex-2h0|escalating_to_codex
5fd6d5e29d4a216f5e063f7d98fbfbd760d68284|1771370067|cortex-dxh|escalating_to_codex
3f9e73e1aef19029162543c391a4e228eb95073c|1771370894|cortex-8xm|escalating_to_codex
9cb3b7875711f1d3452add8f412f2115415758f4|1771372689|cortex-ijz|escalating_to_codex
33d000395839d1182524d1091426b78a3b207869|1771373748|cortex-nc6|escalating_to_codex
